の,1973
、,1864
を,1151
た,1110
に,1104
が,1064
する,1021
は,1000
で,917
て,906
。,886
ます,830
と,577
いる,553
れる,292
だ,287
こと,278
「,240
」,240
など,235
です,200
も,183
なる,174
から,173
や,172
ない,171
という,146
２,117
ある,111
続きを読む,107
人,93
この,87
１,86
よう,86
30日,85
さん,74
よる,72
まで,69
行う,69
として,66
話す,65
できる,64
３,64
ため,63
被害,61
影響,58
29日,55
選手,54
られる,54
について,53
前,50
また,49
年,49
時,48
台風,47
およそ,45
警察,44
的,44
中,43
５,43
これ,42
たい,42
４,41
か,40
受ける,39
日,38
せる,37
午後,36
出る,35
確認,35
６,35
台風12号,35
メートル,35
一部,34
男性,34
ほか,33
へ,33
出場,32
中心,32
今回,32
による,31
ぬ,31
いく,31
時間,31
・,30
気象庁,30
今後,30
けが,29
（,29
）,29
あと,29
分,29
見る,29
ミリ,29
風,28
使う,28
求める,28
たり,27
それ,27
日本,27
国,27
もの,26
検討,26
回,25
呼びかける,25
続く,25
８,24
くる,24
進める,24
住宅,24
大会,24
四国,24
状態,23
ごろ,23
開く,23
９,23
目,23
うち,23
女性,23
大きな,23
川,23
午前,22
以上,22
▽,22
対策,22
新た,22
対応,22
述べる,22
入る,21
十分,21
初めて,21
示す,21
豪雨,21
問題,21
アメリカ,20
ところ,20
にかけて,20
ことし,20
31日,20
う,20
より,20
滑走路,20
南,19
始める,19
お,19
目指す,19
交換,19
演出,19
７,18
起きる,18
に対して,18
わかる,18
上がる,18
ん,18
パラリンピック,18
参加,18
余り,18
高波,18
部,18
九州,18
死亡,17
側,17
注意,17
競技,17
降る,17
導入,17
位,17
28日,16
調べる,16
高い,16
強い,16
西日本,16
見込み,16
予想,16
近く,16
いずれ,16
ので,16
進む,16
発表,16
九州南部,16
万,16
日大,16
方針,16
高校,16
判決,16
地域,15
消防,15
続ける,15
軽い,15
対,15
気温,15
35度,15
必要,15
合わせる,15
見つかる,15
向ける,15
ば,15
そのうえで,15
海上,15
逮捕,15
一方,15
ら,15
みる,15
監督,15
乗客,15
町,14
その後,14
試合,14
さらに,14
熱中症,14
来月,14
多い,14
決める,14
西,14
建設,14
でも,14
考える,14
疑い,14
事件,14
世界,14
再開,14
考え,14
責任者,14
豊洲市場,14
つながる,13
人達,13
最高気温,13
設ける,13
市,13
思う,13
雨,13
に対し,13
田中,13
強風,13
今,13
出身,13
選挙,13
式,13
事業,13
生活,13
Ｂ,13
建物,12
付近,12
可能性,12
状況,12
そして,12
暑さ,12
記録,12
成田,12
浸水,12
終わる,12
詳しい,12
向かう,12
際,12
動き,12
指摘,12
前回,12
とともに,12
活用,12
フン・セン,12
上昇,12
情報,11
東,11
原因,11
戦,11
周辺,11
日本海,11
各地,11
＝,11
オリンピック,11
堤防,11
安全,11
数,11
土砂災害,11
最大,11
教頭,11
うえ,11
点,11
%,11
大学,11
元,11
めぐる,11
見通し,11
予定,11
地元,11
ボランティア,11
被災,11
式典,11
べし,11
成田空港,11
誘導路,11
どう,11
階,10
朝,10
地震,10
施設,10
連続,10
超える,10
広い,10
猛暑日,10
吹く,10
それぞれ,10
程度,10
後,10
店舗,10
調査,10
強化,10
激しい,10
果たす,10
風速,10
工事,10
避難,10
こうした,10
下山,10
大きい,10
始まる,10
夏,10
よい,10
今月,10
反則行為,10
相手,10
委員会,10
チーム,10
作業,10
開発,10
代表,10
政権,10
増える,10
明らか,10
門,10
開ける,10
Ｉ,10
配備,10
記者会見,10
文部科学省,10
職員,10
インドネシア,9
知る,9
ロンボク島,9
観光客,9
夜,9
含む,9
取材,9
第,9
最も,9
検査,9
もらう,9
東京大会,9
現在,9
ながら,9
増水,9
かかる,9
対象,9
道路,9
その,9
相次ぐ,9
間,9
氏,9
車両,9
住民,9
送る,9
細胞,9
最終,9
関係,9
電池,9
中国,9
捜索,9
都,9
人民党,9
総社市,9
排水,9
電車,9
避難所,9
議員,9
弾道ミサイル,9
防衛省,9
手がける,9
エア・カナダ,9
機,9
機体,9
座席,9
シート,9
だけ,9
いう,9
携帯電話,8
急ぐ,8
現地,8
日本人,8
子ども,8
落ちる,8
当時,8
勝つ,8
東日本,8
出す,8
こまめ,8
病院,8
東京オリンピック,8
実際,8
ほど,8
結果,8
住む,8
あおる,8
非常に激しい雨,8
観測,8
量,8
者,8
手,8
接近,8
来る,8
投票率,8
措置,8
上,8
すべて,8
アメリカンフットボール,8
第三者委員会,8
理事長,8
関係者,8
体制,8
台湾,8
部門,8
本,8
とき,8
認める,8
追加,8
受け手,8
受け付け,8
歌舞伎,8
諫早湾,8
言い渡す,8
漁業者,8
風鈴,8
車内,8
ほしい,8
閉会式,8
Ａ,8
津市,7
部分,7
10人,7
防災,7
映像,7
含める,7
訪れる,7
花火,7
凡そ,7
ぶり,7
倒れる,7
39度,7
暖かい,7
37度,7
水分,7
先,7
通報,7
にわたって,7
バーベキュー,7
入れる,7
たち,7
厳しい,7
しっかり,7
来年,7
走る,7
担当者,7
獲得,7
通過,7
ゴール,7
ただ,7
警戒,7
最大瞬間風速,7
九州北部,7
土地,7
度,7
想定,7
容疑,7
運転,7
容疑者,7
学校,7
それに,7
降りる,7
会社,7
屋根,7
コース,7
県,7
東京,7
か所,7
説明,7
殺害,7
奪う,7
内田,7
指示,7
機能,7
仕組み,7
搭載,7
呼ぶ,7
バレエ,7
選ぶ,7
鹿児島県,7
いい,7
流す,7
4つ,7
去年,7
個,7
そう,7
場合,7
サービス,7
カンボジア,7
総選挙,7
与党,7
最大野党,7
訴える,7
確保,7
干拓,7
裁判,7
水温,7
自殺,7
早い,7
守る,7
水,7
線路,7
決定,7
イージス艦,7
組織委員会,7
山火事,7
記者,7
誤る,7
停止,7
夏の甲子園,7
桃,7
寄付,7
理事,7
三重県,6
停電,6
正午,6
床,6
バリ島,6
様子,6
NHK,6
つく,6
打つ,6
番,6
センター,6
寄り,6
36度,6
流れ込む,6
冷房,6
静岡県,6
員,6
審査,6
現場,6
違う,6
出し手,6
棟,6
家,6
高さ,6
波,6
によって,6
カヌースラローム,6
障害,6
流れ,6
競う,6
大,6
やる,6
時半,6
上陸,6
発達,6
夕方,6
24時間,6
ほとんど,6
神奈川県,6
管理,6
調べ,6
少し,6
持つ,6
加える,6
異例,6
時期,6
伴う,6
すぐ,6
行方,6
さ,6
投票,6
務める,6
をめぐって,6
ポイント,6
上回る,6
さまざま,6
課題,6
全国,6
開催,6
被災地,6
亡くなる,6
近い,6
内,6
報告,6
内容,6
投手,6
低位,6
０,6
速い,6
岡本,6
目標,6
まま,6
おる,6
支援,6
姿勢,6
政府,6
批判,6
閉鎖,6
平成,6
起こす,6
といった,6
復旧,6
猛暑,6
実,6
協力,6
トラブル,6
三谷,6
仮設住宅,6
地区,6
維持,6
市長,6
企画,6
映画監督,6
身,6
国土交通省,6
絶つ,6
処分,6
長期金利,6
システム,6
国債,6
出荷,6
運用,6
オープン,6
文書,6
下水,6
沖縄,6
被害額,6
愛知県,5
NTTドコモ,5
海の家,5
抜ける,5
国家,5
けが人,5
倒壊,5
壊れる,5
男女,5
火,5
マリナーズ,5
先発,5
ヒット,5
大谷,5
今シーズン,5
打席,5
ゴロ,5
山,5
越える,5
上越市,5
大潟,5
取る,5
以来,5
北海道,5
適切,5
ほぼ,5
とる,5
昼前,5
下,5
運ぶ,5
傷,5
会,5
場,5
誘導,5
何,5
建て,5
途中,5
小田原市,5
完成,5
場所,5
難しい,5
挑戦,5
驚く,5
体験,5
再び,5
以内,5
雨雲,5
設置,5
早急,5
否認,5
車,5
逃げる,5
バス,5
転倒,5
東京都,5
時間帯,5
専門家,5
今月26日,5
農家,5
しまう,5
和歌山県,5
選挙管理委員会,5
広島県,5
指定,5
公表,5
リスク,5
国内,5
グループ,5
臨床試験,5
治療,5
実施,5
19歳,5
書,5
辞任,5
方向,5
報告書,5
働く,5
注目,5
国際,5
コンクール,5
国立,5
五島,5
観客,5
ダンサー,5
見せる,5
一,5
抑える,5
局地,5
奄美地方,5
外れる,5
ブラジル,5
多摩川,5
飛び込む,5
河川敷,5
みずから,5
通算,5
回る,5
家庭,5
白熱電球,5
LED電球,5
アプリ,5
発生,5
花蓮,5
披露,5
くれる,5
議席,5
勢い,5
引き続き,5
有権者,5
大幅,5
基,5
倉敷市,5
社会福祉協議会,5
岡山市,5
見合わせる,5
記念,5
長崎県,5
命じる,5
福岡高等裁判所,5
判断,5
描く,5
総合,5
びわ湖,5
被告,5
宿泊,5
折れる,5
上る,5
全国高等学校野球選手権大会,5
大臣,5
京阪電鉄,5
半,5
『,5
』,5
先週末,5
下落,5
億,5
大手,5
日銀,5
緊張,5
消毒液,5
核兵器,5
野村萬斎,5
着陸,5
盾,5
おく,5
口,5
横領,5
価格,5
地滑り,5
通行,5
人工知能,5
図る,5
企業,5
最新,5
専門家会議,5
安全性,5
東広島市,5
井ノ口,5
消息,5
休業,5
カーボン,5
プライシング,5
にくい,4
復旧作業,4
リゾート地,4
マグニチュード6.4,4
庁,4
医療,4
多く,4
地上,4
破裂,4
上空,4
まだ,4
聞く,4
ANGELS,4
ホームラン,4
当たり,4
飛ばす,4
フェーン現象,4
東北,4
はじめ,4
各社,4
転落,4
応じる,4
都内,4
会場,4
終える,4
に対する,4
キロ,4
離れる,4
神奈川県小田原市,4
整備,4
5月,4
岩,4
20代,4
症状,4
命,4
すぎ,4
ピョンチャン,4
スノーボード,4
複数,4
ゲート,4
カヌー,4
どの,4
局地的,4
速さ,4
気圧,4
ヘクトパスカル,4
非常,4
停滞,4
やすい,4
計画,4
沿い,4
静岡県熱海市,4
小学校,4
男,4
当たる,4
物,4
40代,4
頭,4
重なる,4
潮位,4
迎える,4
高潮,4
移動,4
EMU,4
市内,4
集める,4
ものの,4
これから,4
発,4
最後,4
きっかけ,4
補給,4
伝える,4
すでに,4
遅れる,4
動く,4
殺人,4
一緒,4
日本大学,4
説明責任,4
作る,4
先月,4
トップ,4
統括,4
チェック,4
組織,4
メーカー,4
支払う,4
ジュニア,4
シニア,4
横浜市,4
同じ,4
感動,4
将来,4
楽しむ,4
屋久島,4
敗れる,4
強化試合,4
後半,4
迫る,4
45分,4
イベント,4
5つ,4
強める,4
挙げる,4
取り組み,4
信者,4
使える,4
高校生,4
踊り,4
実現,4
強権,4
首相,4
形,4
しか,4
米,4
拡大,4
西日本豪雨,4
以外,4
回復,4
土砂,4
最初,4
子供達,4
確定,4
閉める,4
審,4
開門,4
制裁金,4
女学生,4
アユ,4
産卵,4
9月,4
努力,4
と共に,4
運行,4
復興,4
年生,4
謝罪,4
タワー,4
決勝,4
大雨,4
安倍総理,4
戸,4
鍵,4
窓,4
捜査関係者,4
両,4
暑い,4
くださる,4
代わり,4
株価,4
売る,4
銭,4
先週,4
北朝鮮,4
迎撃ミサイル,4
PAC,4
撤収,4
再,4
看護師,4
条約,4
開会,4
狂言師,4
決まる,4
映画,4
具体,4
作品,4
リオデジャネイロ,4
佐々木宏,4
台,4
開会式,4
別,4
便,4
脇,4
刃物,4
？,4
簡単,4
大切,4
佐伯さん,4
乗り込む,4
周囲,4
効果,4
かける,4
創志学園,4
広げる,4
大阪桐蔭,4
確定判決,4
登山道,4
取り除く,4
市場,4
背景,4
小菊,4
収穫,4
産業技術総合研究所,4
利用,4
楽天,4
小池,4
築地市場,4
10月11日,4
農林水産大臣,4
認可,4
地下,4
助成金,4
連盟,4
校,4
封じ,4
網,4
東アジア,4
平日,4
皇太子,4
夫妻,4
排出,4
田原市,3
鳥羽市,3
基地局,3
日本時間,3
震源,3
40人,3
写真,3
東部,3
夏祭り,3
歳,3
打ち上げる,3
号,3
方,3
話,3
大リーグ,3
指名打者,3
席,3
本拠地,3
チャンス,3
投げる,3
対戦,3
割,3
猛烈,3
新潟県,3
三条市,3
統計,3
範囲,3
ざす,3
照りつける,3
空気,3
KDDI,3
富士宮市,3
従業員,3
ドーピング,3
研修,3
内科,3
一般,3
人材,3
大規模,3
英語,3
資格,3
与える,3
積む,3
もらえる,3
40分,3
遺体,3
開業,3
海水,3
課,3
課長,3
別状,3
午前10時,3
男鹿市,3
秋田市,3
気象台,3
金,3
3月,3
金メダル,3
両方,3
順番,3
週間,3
場面,3
想像,3
つかめる,3
220キロ,3
低い,3
落雷,3
竜巻,3
突風,3
国道135号線,3
達す,3
製,3
ひき逃げ,3
飲酒,3
乗る,3
残る,3
店,3
校長,3
信じる,3
前日,3
午後10時,3
酔う,3
自宅,3
帰る,3
交流,3
立往生,3
転ぶ,3
足,3
バイク,3
物置,3
直す,3
息子,3
顔,3
大阪府内,3
奈良県,3
東風,3
通常,3
パターン,3
教授,3
逆,3
極め手,3
集中,3
認識,3
救助,3
捕獲,3
飼い主,3
戻る,3
歩く,3
心配,3
当選,3
尾花,3
争う,3
初,3
取り組む,3
和歌山市,3
環境,3
元気,3
延期,3
有数,3
誇る,3
毎年,3
態勢,3
置く,3
進入,3
防ぐ,3
上げる,3
とても,3
太平洋側,3
曇る,3
日中,3
福井市,3
上旬,3
広島県内,3
土砂災害警戒区域,3
区域,3
危険性,3
京都大学,3
法,3
作り出す,3
変化,3
乗り出す,3
少年,3
強盗,3
石崎,3
大阿久,3
現金,3
強まる,3
大学側,3
英,3
壽,3
調整,3
後ろ,3
タックル,3
保健,3
体育,3
兼務,3
外部,3
着実,3
電気自動車,3
電動バイク,3
普及,3
人気,3
ステーション,3
通う,3
温大,3
うれしい,3
受賞,3
喜び,3
語る,3
声,3
いろいろ,3
笑顔,3
隻,3
本部,3
リリーフ,3
登板,3
平野,3
差,3
代打,3
半径,3
東海,3
リード,3
タイミング,3
止まる,3
遠征,3
エース,3
先制,3
終了,3
返す,3
しかし,3
力,3
到着,3
見える,3
いったん,3
個人,3
ツアー,3
オーバー,3
3つ,3
無料,3
通訳,3
smartphone,3
音声,3
法王,3
言う,3
2月,3
生徒,3
応援,3
思い,3
皆さん,3
解党,3
追い込む,3
圧勝,3
正当性,3
引く,3
政党,3
国連,3
党,3
党首,3
あらゆる,3
手段,3
国民,3
平和,3
5000人,3
年間,3
公正,3
岡山県内,3
休止,3
岡山県,3
旧,3
公演,3
紹介,3
効力,3
なくす,3
きる,3
案,3
干拓地,3
長崎,3
原爆,3
劇,3
表現,3
長野県,3
舞台,3
護岸,3
県道,3
8月,3
手助け,3
罪,3
問う,3
にとって,3
西部,3
働きかけ,3
担当,3
メッセージ,3
書く,3
短冊,3
届ける,3
とか,3
真備町,3
行く,3
町議会,3
町内,3
被災者,3
校舎,3
を通じて,3
水害,3
面,3
あふれる,3
一時,3
速度,3
100回,3
土砂崩れ,3
住まい,3
気持ち,3
侵入,3
有力,3
手がかり,3
京都,3
パンタグラフ,3
午前11時,3
困る,3
連絡,3
あす,3
呉市,3
終値,3
下がる,3
市場関係者,3
金融政策決定会合,3
型,3
部隊,3
現状,3
時点,3
海上自衛隊,3
点滴,3
同僚,3
供述,3
狙う,3
誰,3
菅,3
官房長官,3
早める,3
サマータイム,3
生じる,3
慎重,3
舗装,3
以降,3
ヘクタール,3
田上,3
各国,3
日本政府,3
反対,3
理事会,3
理由,3
狂言,3
山崎貴,3
テレビ,3
旗,3
引き継ぎ,3
携わる,3
椎名林檎,3
分野,3
駆使,3
評価,3
業界,3
家族,3
モントリオール,3
楽しい,3
切りつける,3
乗り物,3
6月,3
振り回す,3
外す,3
アドバイザ,3
危機管理,3
装置,3
控える,3
襲う,3
身の回り,3
会費,3
懲戒免職,3
収賄,3
努める,3
金山,3
タイムリー,3
春夏連覇,3
事実上,3
農地,3
新型,3
Aegis,3
アショア,3
小野寺,3
取得,3
レーダー,3
社,3
能力,3
600人,3
軍,3
広がる,3
花,3
農作物,3
滝川,3
トランプ政権,3
石毛,3
発動,3
アマゾン,3
スピーカー,3
具体的,3
化,3
制度,3
立憲民主党,3
国会,3
閉会,3
金融庁,3
スーパーコンピューター,3
ぐるなび,3
提携,3
両社,3
否定,3
移転,3
安全対策,3
検証結果,3
申請,3
地下水,3
水位,3
空く,3
本殿,3
受け入れ,3
井上,3
複雑,3
ボクシング,3
交付,3
日本ボクシング連盟,3
特定,3
処理,3
赤ちゃん,3
動ける,3
旅客機,3
スポーツ大会,3
中止,3
台中市,3
意見,3
りそな,3
銀行,3
ご,3
小中学生,3
懇談,3
農林水産省,3
環境省,3
小,3
または,2
京都府,2
和束町,2
神奈川県藤沢市,2
当局,2
47分,2
天井,2
手当て,2
デンパサール,2
日本総領事館,2
見物客,2
やけど,2
事故,2
60代,2
業者,2
地面,2
大谷翔平,2
16打,2
アナハイム,2
セカンド,2
二塁,2
フライ,2
ピッチャー,2
球,2
フェンス,2
安打,2
打率,2
連勝,2
暖か,2
北日本,2
吹き降ろす,2
福井県坂井市,2
春江,2
ちょうど,2
新潟県三条市,2
昭和53年,2
石川県輪島市,2
山形県鶴岡市,2
鼠ヶ関,2
秋田県五城目町,2
北海道東川町,2
高温注意情報,2
下ろす,2
覆う,2
小山町,2
海岸,2
砂浜,2
丁目,2
横,2
代,2
育成,2
公募,2
150人,2
陸上,2
参加者,2
役,2
話しかける,2
所,2
不正,2
経験,2
関わる,2
応募,2
リラックス,2
規模,2
全く,2
準備,2
青果店,2
兼ねる,2
焼ける,2
火元,2
85歳,2
木造,2
火事,2
藤原,2
北西,2
漁港,2
観光施設,2
海,2
南側,2
扉,2
割れる,2
ここ,2
がく然,2
安心,2
32度,2
メダリスト,2
成田緑夢,2
岩手県,2
左ひざ,2
銅メダル,2
探す,2
岩手県奥州市,2
タイム,2
順位,2
オープン参加,2
パドル,2
うまい,2
下る,2
感覚,2
満足,2
難易度,2
向く,2
分析,2
福岡県豊前市,2
未明,2
激しい雨,2
降り続く,2
達する,2
長時間,2
大気,2
区間,2
30年,2
嵩上げ,2
真鶴道路,2
公園,2
いける,2
海岸線,2
コンクリート,2
勤務,2
54歳,2
自転車,2
飲酒運転,2
川口市立本町小学校,2
飲食,2
関口,2
27日,2
杯,2
耳,2
事実,2
受け止める,2
8つ,2
千葉県,2
出端,2
80代,2
骨,2
折る,2
看板,2
外,2
男の子,2
骨折,2
切る,2
52歳,2
21歳,2
大阪,2
59歳,2
満潮,2
にわたり,2
沿岸部,2
近づく,2
条件,2
シミュレーション,2
例,2
富士山,2
71歳,2
低体温症,2
貴札,2
今月12日,2
大型,2
田んぼ,2
捕まえる,2
かも,2
しれる,2
現職,2
新人,2
和歌山市長選挙,2
IR,2
是非,2
災害,2
まちづくり,2
過去,2
番目,2
つくる,2
夏の風物詩,2
隅田川花火大会,2
夜空,2
彩る,2
7月,2
おととし,2
フランス,2
不審,2
18歳,2
友人,2
残念,2
きれいな,2
内陸,2
晴れる,2
新潟市,2
鳥取市,2
名古屋市,2
大阪市,2
半数,2
世帯,2
ごと,2
個別,2
80人,2
うる,2
15万人,2
難病,2
パーキンソン病,2
応用,2
再生医療,2
保険,2
適用,2
ドーパミン,2
神経,2
脳,2
神経細胞,2
患者,2
方法,2
根本,2
研究,2
栃木県栃木市,2
室内,2
82歳,2
自称,2
とび職,2
太,2
宇都宮市,2
無職,2
栃木市柏倉町,2
徳次,2
30万円,2
見つける,2
犯行,2
関西学院大学,2
定期,2
検事,2
発覚,2
運動部,2
事務局,2
有識者,2
改革,2
実行,2
提言,2
短縮,2
丸ごと,2
“,2
”,2
充電,2
済み,2
備える,2
展開,2
共同,2
十,2
ヨーロッパ,2
熊本県,2
ドイツ,2
ベルリン,2
岡山県岡山市,2
大森一樹,2
神戸市,2
所属,2
高森,2
美結,2
井関,2
エレナ,2
一つ,2
自信,2
夢,2
小さい,2
尖閣諸島,2
領海,2
航行,2
ダイヤモンドバックス,2
パドレス,2
50回目,2
無失点,2
好投,2
アウト,2
分の,2
20キロ,2
断続,2
空振り,2
三振,2
日本代表,2
一環,2
パス,2
たびたび,2
結局,2
ちょっとした,2
全体,2
取れる,2
戦う,2
川崎市,2
30歳,2
川崎市中原区,2
横浜市中区,2
防水,2
工,2
広之,2
姿,2
ヘリコプター,2
ボート,2
打ち切る,2
最終ラウンド,2
59位,2
スタート,2
畑岡,2
ボギー,2
本当に,2
勉強,2
省エネ,2
期間,2
延長,2
下回る,2
末,2
以前,2
促す,2
ローマ法王,2
演説,2
フランス語,2
同時,2
聞ける,2
ローマ法王庁,2
配信,2
カトリック,2
バチカン,2
名付ける,2
ふだん,2
イタリア語,2
スペイン語,2
若者,2
早速,2
台湾東部,2
エール,2
よさこい,2
熊野,2
500人,2
踊る,2
私たち,2
開票,2
強引,2
批判勢力,2
抑え込む,2
尾,2
率いる,2
比例代表,2
選挙区,2
有効票,2
87%,2
票,2
得る,2
自衛隊,2
救国,2
次々,2
抗議,2
サム,2
唯一,2
野党,2
実に,2
強調,2
われわれ,2
人口,2
かかわる,2
減る,2
登録,2
ホワイトハウス,2
声明,2
人々,2
意思,2
遺憾,2
アメリカ政府,2
反,2
人権,2
民主主義,2
天候,2
市役所,2
にあたる,2
休憩,2
90年前,2
海外公演,2
ロシア,2
極東,2
ウラジオストク,2
催し,2
市川左團次,2
一座,2
拍手,2
物語,2
演じる,2
私,2
相反,2
司法,2
2010年,2
敗訴,2
現実,2
漁場,2
基金,2
和解,2
勧告,2
受け入れる,2
12億円,2
訴え,2
支払い,2
農業者,2
投下,2
日常,2
諌早,2
上演,2
8月9日,2
髪,2
部員,2
母親,2
全員,2
年寄り,2
祖母,2
感じる,2
えぐる,2
崩落,2
線,2
完全,2
近畿地方整備局,2
土のう,2
平年,2
注ぐ,2
滋賀県水産試験場,2
水深,2
以下,2
評論家,2
西部邁,2
知人,2
東京地方裁判所,2
思いとどまる,2
遺族,2
悲しみ,2
懲役,2
執行猶予,2
青山,2
1月,2
反省,2
真相,2
Ｍ,2
涼しげ,2
音色,2
響かせる,2
つるす,2
中心部,2
市民,2
チリン,2
みんな,2
岡山県倉敷市,2
酒,2
大豊町,2
大豊,2
断る,2
把握,2
町長,2
議長,2
行為,2
関東,2
境町,2
ハード,2
ソフト,2
流れる,2
南西,2
強い雨,2
昼,2
得票数,2
公式,2
片付け,2
50人,2
仕事,2
休み,2
事務局長,2
非常災害,2
会合,2
厳重,2
総理大臣官邸,2
方々,2
不安,2
困難,2
強いる,2
り災証明書,2
発行,2
そこ,2
分かる,2
捜す,2
変形,2
全線,2
駅,2
体調不良,2
搬送,2
京阪本線,2
異常,2
天満橋駅,2
提出,2
とにかく,2
JR,2
エアコン,2
音戸町,2
一夜,2
集落,2
広島県呉市,2
先奥,2
側溝,2
博行,2
会長,2
次,2
週明け,2
東京株式市場,2
値下がり,2
ニューヨーク株式市場,2
注文,2
日経平均株価,2
安い,2
東証株価指数,2
トピックス,2
出来高,2
株,2
Twitter,2
銘柄,2
投資家,2
中国・四国地方,2
緩和,2
発射,2
米朝首脳会談,2
自治体,2
迎撃,2
情勢,2
午前中,2
34度,2
広島市,2
混入,2
隙,2
不在,2
久保木,2
八巻,2
夜勤,2
前倒し,2
徹底,2
提案,2
カリフォルニア州,2
収まる,2
死者,2
トランプ大統領,2
非常事態宣言,2
北部,2
焼失,2
長崎市,2
平和宣言,2
骨子,2
廃絶,2
採択,2
核兵器禁止条約,2
発効,2
賛同,2
原点,2
見直し,2
核廃絶,2
期待,2
禁止,2
宣言,2
リーダー,2
会見,2
一体,2
活躍,2
至る,2
幅広い,2
三丁目の夕日,2
コマーシャル,2
音楽家,2
映画プロデューサー,2
川村元気,2
共通,2
基本,2
理念,2
聖火,2
才能,2
結集,2
機知,2
富む,2
Ｅ,2
曲,2
萬斎,2
主演,2
文化,2
コメント,2
制作,2
ドラえもん,2
生み出す,2
CM,2
父親,2
テーマ,2
プロデュース,2
寄せる,2
検討チーム,2
活動,2
音楽,2
整える,2
まとめる,2
事務所,2
カナダ,2
行き,2
ボーイング787,2
煙,2
位置,2
北,2
長さ,2
完了,2
雑巾掛け,2
建てる,2
体育館,2
もつれる,2
だり,2
男子,2
列車,2
はず,2
旅行,2
東海道新幹線,2
行動,2
突然,2
例えば,2
乗務員,2
あまり,2
立川バス,2
清掃,2
構造,2
いざ,2
取り外せる,2
違和感,2
佐伯幸子,2
異変,2
犯人,2
自分,2
投げつける,2
周り,2
ひるむ,2
視界,2
遮る,2
有効,2
傘,2
突く,2
ひざ,2
防犯ブザー,2
大声,2
非常時,2
こう,2
出向,2
後援会,2
770万円,2
4月,2
10月,2
通帳,2
付け,2
費,2
幹部,2
ばかり,2
岡山学芸館,2
甲子園,2
大阪桐蔭高校,2
大阪学院大,2
10回目,2
打者,2
序盤,2
更新,2
史上初,2
無効,2
追認,2
諫早湾干拓事業,2
目的,2
かけて,2
本格,2
農業,2
入り込む,2
取り引き,2
防衛大臣,2
当初,2
800億円,2
目安,2
経費,2
500億円,2
1340億円,2
費用,2
下敷き,2
リンジャニ山,2
水準,2
利回り,2
産地,2
お盆,2
平群町,2
中尾,2
収穫の時,2
期,2
農園,2
枝,2
選別,2
える,2
輸入車,2
関税,2
JETRO,2
自動車産業,2
官民,2
挙げて,2
貿易摩擦,2
世界経済,2
深刻,2
ルート,2
日本赤十字,2
手軽,2
口座,2
放置,2
あまりに,2
無責任,2
委員長,2
内田正人,2
負担,2
審議,2
統括官,2
常任幹事会,2
ただす,2
福山,2
幹事長,2
最速,2
計算,2
自動運転,2
加速,2
名前,2
ABC,2
データ,2
学習,2
情報共有,2
建造,2
ますます,2
共同開発,2
※,2
対処,2
顧客,2
ネット通販,2
自民党,2
杉田水脈,2
衆議院議員,2
性的マイノリティー,2
生産性,2
無理解,2
杉田,2
撤回,2
たつ,2
辞職,2
発言,2
踏まえる,2
盛り土,2
空間,2
地下空間,2
検出,2
有害物質,2
環境基準,2
知事,2
座長,2
健康,2
相当,2
引っ越し,2
三重県内,2
穴,2
一刻,2
神社,2
境内,2
ヒノキ,2
見回り,2
建て替え,2
ロープ,2
構成,2
入居,2
臨時,2
懲戒,2
解雇,2
重大,2
領域,2
ゆっくり,2
リオデジャネイロオリンピック,2
渡る,2
240万円,2
開幕,2
白山,2
折尾愛真,2
沖,2
学園,2
証拠,2
長野県信濃町,2
水槽,2
産み落とす,2
管,2
通る,2
浄化,2
けん引,2
乗員,2
駐,2
開催地,2
圧力,2
不公平,2
取り消し,2
林,2
傘下,2
行員,2
近隣,2
効率,2
狙い,2
りそな銀行,2
法令,2
金融機関,2
豆,2
招く,2
農林水産,2
支援策,2
3000万円,2
二酸化炭素,2
つける,2
議論,2
経済界,2
削減,2
ドコモ,1
片瀬海岸,1
地質調査所,1
現地時間,1
島,1
民家,1
岩手県二戸市,1
打ち上げ花火,1
二戸市,1
金田一温泉,1
1000人,1
見物,1
取りやめ,1
直径,1
センチ,1
玉,1
岩手県滝沢市,1
トモエ,1
屋,1
煙火,1
工業,1
導火線,1
火薬,1
爆発,1
申し訳ない,1
25日,1
ツーアウト,1
鋭い,1
レフト,1
15打,1
ノーヒット,1
左,1
速球,1
引っ張る,1
ライト,1
直撃,1
13本,1
打数,1
厘,1
北陸,1
近畿,1
ちょう,1
高気圧,1
全国的,1
晴れ,1
東北地方,1
つながり,1
静岡市葵区,1
南伊豆町,1
藤沢市,1
消防局,1
藤沢市片瀬海岸,1
縦,1
抜け落ちる,1
20歳,1
40歳,1
打撲,1
すり,1
営業中,1
野郎,1
食材,1
日本アンチ・ドーピング機構,1
手順,1
学ぶ,1
禁止薬物,1
摂取,1
450人,1
不足,1
66人,1
 競技会,1
模,1
レーン,1
レース,1
外国人,1
別室,1
尿,1
見立てる,1
お茶,1
カップ,1
採る,1
専用,1
容器,1
44歳,1
かしら,1
浅川,1
伸,1
専務理事,1
どんどん,1
京都市,1
京都市東山区西御門町,1
燃え広がる,1
昌子,1
清水寺,1
本堂,1
密集,1
面す,1
ガラス,1
散乱,1
泥,1
積もる,1
たまる,1
水産,1
海浜,1
佐藤正和,1
商業施設,1
利用客,1
担保,1
基礎,1
秋田県男鹿市,1
マラソン大会,1
50代,1
メロン,1
マラソン,1
10キロ,1
48歳,1
会話,1
ドクターヘリ,1
秋田市内,1
3600人,1
22歳,1
51歳,1
秋田県,1
主催,1
給水所,1
救護,1
増やす,1
北九州市,1
30キロ,1
西南西,1
330キロ,1
南東,1
福岡県,1
添田町,1
雨量計,1
明け方,1
暴風,1
不安定,1
耐える,1
小田原,1
土木,1
海抜,1
湯河原町,1
福浦インターチェンジ,1
押し倒す,1
ガードレール,1
神奈川県道路公社,1
熱海,1
自動車道,1
壁,1
埼玉県川口市,1
草加市長栄,1
嘉明,1
川口市東本郷,1
市道,1
川口市大竹,1
フィリピン,1
国籍,1
店員,1
はねる,1
そのまま,1
過失,1
致死,1
防犯カメラ,1
遺留,1
割り出す,1
景子,1
中華料理店,1
串焼き,1
食事,1
ビール,1
ジョッキ,1
飲む,1
15分,1
バス停,1
足取り,1
本町小学校,1
赴任,1
明るい,1
穏やか,1
性格,1
積極的,1
職場,1
人望,1
厚い,1
疑う,1
厳粛,1
教育委員,1
相談,1
大阪府,1
都府県,1
24人,1
海沿い,1
国道,1
冠水,1
乗用車,1
歩行,1
千葉市,1
館山市,1
片づける,1
香取市,1
ビル,1
階段,1
12歳,1
ぶつける,1
熱海市,1
ホテル,1
レストラン,1
窓ガラス,1
河津町,1
横断歩道,1
わたる,1
39歳,1
右腕,1
岡崎市福岡町,1
ミニ,1
電柱,1
衝突,1
田原市田原町,1
小屋,1
押さえる,1
左手,1
小指,1
56歳,1
右手,1
手首,1
飛ぶ,1
アルミ,1
板,1
指,1
東大阪市,1
リフォーム,1
北区,1
ベランダ,1
桜井市,1
陥没,1
新聞配達,1
62歳,1
伊豆諸島,1
三宅島,1
横転,1
前後,1
相模湾,1
伊豆半島,1
高まる,1
50cm,1
早稲田大学,1
柴山知也,1
太平洋,1
沿う,1
湾,1
奥,1
狭い,1
地形,1
不利,1
温暖化,1
委託,1
合,1
身動き,1
とれる,1
西方,1
義典,1
搬送先,1
死因,1
もう,1
山頂,1
登山,1
業務,1
にあたり,1
岐阜県美濃加茂市,1
鳥,1
もと,1
無事,1
美濃加茂市,1
イノシシ,1
追い払う,1
飼う,1
逃げ出す,1
蜂屋町,1
ダチョウ,1
近所,1
駆けつける,1
体長,1
60cm,1
体重,1
50キロ,1
60キロ,1
柵,1
跳ぶ,1
24歳,1
爪,1
いかつい,1
目撃,1
11歳,1
女の子,1
争い,1
尾花正啓,1
65歳,1
部長,1
選挙戦,1
カジノ,1
統合型リゾート,1
誘致,1
南海トラフ,1
巨大地震,1
論戦,1
交わす,1
直接,1
言及,1
前面,1
掲げる,1
自民,1
公明,1
両党,1
支持層,1
固める,1
いわゆる,1
無党派層,1
支持,1
過去最低,1
人口減少,1
経済,1
中心市街地,1
衰退,1
産業,1
振興,1
子育て,1
高齢者,1
福祉,1
充実,1
土曜日,1
日曜日,1
テロ事件,1
警視庁,1
警備,1
3000人,1
機動隊,1
隅田川,1
橋,1
大勢,1
撮る,1
歓声,1
専門学校生,1
天気,1
連れる,1
楽しみ,1
迫力,1
きれい,1
初め,1
都道府県,1
該当,1
ホームページ,1
伝わる,1
資料,1
いち早い,1
尽くす,1
再生,1
伝達,1
物質,1
失う,1
手足,1
震える,1
体,1
根本的,1
京都大学医学部附属病院,1
高橋良輔,1
研究所,1
高橋淳,1
数人,1
ヒト,1
移植,1
臨床,1
網膜,1
病気,1
心臓病,1
承認,1
自体,1
荒らす,1
栃木県,1
34歳,1
栃木市平柳町,1
押し入る,1
暴行,1
同居,1
長男,1
殴る,1
負う,1
預金通帳,1
捜査,1
被害者,1
面識,1
動機,1
究明,1
中間報告,1
認定,1
検証,1
対外,1
局長,1
スポーツ科学,1
再編,1
保証,1
盛り込む,1
充電時間,1
新興,1
街なか,1
ドライバー,1
代金,1
残,1
少ない,1
日産自動車,1
ベンチャー企業,1
組む,1
販売,1
ホンダ,1
パナソニック,1
12月,1
実証実験,1
実用化,1
トヨタ自動車,1
待ち時間,1
南東部,1
ブルガリア,1
1964年,1
若手,1
登竜門,1
世界各国,1
119人,1
受賞者,1
熊本県菊陽町,1
ポルトガル,1
リスボン,1
ハンガリー,1
ブダペスト,1
団,1
1974年,1
バレリーナ,1
森下洋子,1
2016年,1
三,1
なれる,1
役に立つ,1
賞,1
ただただ,1
こなせる,1
最年少,1
心,1
頃,1
いちばん,1
憧れる,1
すごい,1
幸せ,1
客,1
隠せる,1
第11管区海上保安本部,1
沖縄県,1
沖合,1
中国海警局,1
船,1
外側,1
接続水域,1
大正島,1
海上保安,1
警告,1
監視,1
平野佳寿,1
サンディエゴ,1
追い上げる,1
ショート,1
打ち取る,1
ピンチ,1
切り抜ける,1
マウンド,1
見逃し三振,1
サード,1
無,1
西北西,1
80キロ,1
宮崎市,1
国富町,1
ベンチスタート,1
ランナー,1
FULLCOUNT,1
変化球,1
合う,1
サッカー,1
女子,1
なでしこジャパン,1
ワールドカップ,1
フランス大会,1
強豪,1
世界ランキング,1
初戦,1
コネティカット州,1
臨む,1
前半,1
守り,1
裏,1
シュート,1
奪える,1
折り返す,1
フォワード,1
菅澤優衣香,1
強烈,1
ミドルシュート,1
クロスバー,1
得点,1
パワー,1
押す,1
徐々に,1
攻め込む,1
31分,1
自陣,1
回し,1
ボール,1
マルタ,1
許す,1
間際,1
追加点,1
アディショナルタイム,1
途中出場,1
ミッドフィルダー,1
増矢理花,1
ヘディングシュート,1
粘り,1
追いつける,1
オーストラリア,1
高倉,1
高倉麻子,1
守備,1
バランス,1
作れる,1
しとめる,1
きれる,1
質,1
溺れる,1
110番通報,1
女子ゴルフ,1
共催,1
イギリス,1
畑岡奈紗,1
64位,1
イーグル,1
1つ,1
バーディー,1
たたく,1
スコア,1
伸ばせる,1
ティーショット,1
安定,1
パット,1
打てる,1
寒さ,1
次に,1
56位,1
宮里美香,1
バー,1
ティー,1
パー,1
プレー,1
52位,1
タイ,1
アリヤ・ジュタヌガーン,1
アンダー,1
優勝,1
今季,1
勝,1
10勝,1
促進,1
電気店,1
持ち込む,1
エネルギー効率,1
100万,1
来月15日,1
もう一度,1
寿命,1
長い,1
電気代,1
節約,1
都民,1
意識,1
高める,1
オーディオ,1
インストール,1
ドイツ語,1
ポルトガル語,1
言語,1
母語,1
今月31日,1
会う,1
10億,1
盆踊り,1
17人,1
主要産業,1
観光業,1
落ち込む,1
和歌山,1
県立,1
家族連れ,1
創作ダンス,1
民間団体,1
ステージ,1
輪,1
炭坑節,1
見様見真似,1
動かす,1
しよう,1
阪上,1
夕華,1
ダンス,1
33年間,1
実権,1
握る,1
平和維持活動,1
派遣,1
民主化,1
肉薄,1
反逆,1
メディア,1
やり方,1
欧米,1
諸国,1
平和的,1
滞在,1
AP通信,1
インタビュー,1
信頼,1
足る,1
圧倒的,1
勝利,1
無意味,1
正当,1
改めて,1
デモ行進,1
国際社会,1
制裁,1
科す,1
抵抗,1
大幅アップ,1
なぜ,1
民党,1
競り合う,1
投票者,1
比べる,1
発展,1
130万人,1
二重登録,1
不備,1
数える,1
15年前,1
2003年,1
対抗措置,1
SANDERS,1
報道官,1
反映,1
自由,1
カンボジア政府,1
権利,1
決断,1
深い,1
失望,1
カンボジア国,1
昨年12月,1
入国,1
制限,1
高梁市,1
矢掛町,1
見込む,1
災害廃棄物,1
撤去,1
あたる,1
真夏,1
ためらう,1
屋外,1
ソビエト,1
1928年,1
モスクワ,1
二,1
代目,1
90年,1
船出,1
四代目市川左團次,1
一門,1
市川,1
蔦,1
之,1
助,1
女形,1
化粧,1
着物,1
着付け,1
藤娘,1
鶴亀,1
扇子,1
滑らか,1
江戸時代,1
盛ん,1
埼玉県小鹿野町,1
親,1
敵討ち,1
兄弟,1
堂々,1
わく,1
鑑賞,1
ロシア人,1
すばらしい,1
こうして,1
感慨深い,1
反す,1
全面的,1
義務,1
免れる,1
退ける,1
福岡高裁,1
入植,1
73年前,1
舞台劇,1
演劇部,1
原爆資料館,1
昭和20年,1
爆心地,1
梳る,1
かす,1
八月,1
創成館,1
高校演劇,1
オリジナル脚本,1
教師,1
食糧難,1
エビ,1
天ぷら,1
隠す,1
戦時下,1
その間,1
柱時計,1
刻々,1
くし,1
とかす,1
せん光,1
文化祭,1
のせる,1
させる,1
涙ぐむ,1
リアル,1
奈良県宇陀市,1
山あい,1
宇陀市室生大野,1
室生口大野,1
停車場,1
宇陀川,1
車道,1
歩道,1
崩れ落ちる,1
上流,1
ダム,1
管理者,1
通行止め,1
路線バス,1
う回,1
宇陀市,1
50分,1
猛烈な雨,1
記録的短時間大雨情報,1
滋賀県,1
懸念,1
毎月,1
7月10日,1
湖面,1
26度,1
23度,1
推定,1
水産試験場,1
下旬,1
遡上,1
そ,1
じょう,1
25度,1
このまま,1
冬,1
漁,1
育つ,1
孝橋,1
賢一,1
専門,1
いま,1
漁師,1
入手,1
会社員,1
忠司,1
東京都大田区,1
ほう助,1
守下,1
裁判官,1
刑事責任,1
軽視,1
確実,1
遂げる,1
態度,1
限り,1
東京メトロポリタンテレビジョン,1
TOKYO,1
Ｘ,1
番組,1
ディレクター,1
窪田,1
哲学,1
分けて,1
審理,1
路面電車,1
地,1
岡山電気軌道,1
利用者,1
涼,1
飾る,1
親しむ,1
伝統工芸品,1
備前焼,1
つり,1
下げる,1
揺れる,1
たび,1
傾ける,1
願う,1
中学生,1
手と手,1
取り合う,1
一日,1
お互い,1
助け合う,1
力づける,1
女子生徒,1
読む,1
来月31日,1
高知県大豊町,1
町議会議員,1
幸一郎,1
今月18日,1
支援物資,1
ゴミ,1
運び出す,1
ボランティア活動,1
同行,1
泊める,1
要求,1
高知県,1
佐藤,1
徳治,1
言語道断,1
何らかの,1
茨城県境町,1
一時的,1
出席,1
橋本,1
正裕,1
課する,1
使命,1
防災訓練,1
あいさつ,1
利根川,1
つかる,1
鉄骨,1
町役場,1
通路,1
200人,1
孤立,1
津波,1
害,1
70キロ,1
宮崎県国富町,1
落とす,1
スポークスマン,1
得票率,1
のぼる,1
開票作業,1
区,1
配分,1
日大三高,1
日大鶴ヶ丘,1
破る,1
17回目,1
岡山県総社市,1
福祉センター,1
集まる,1
行き先,1
スコップ,1
資材,1
積み込む,1
帰省,1
ようやく,1
佐野裕二,1
人手,1
足りる,1
20万,1
しばらく,1
過ぎ去る,1
河川,1
旗日,1
公営住宅,1
見なす,1
移行,1
早期,1
栃木市,1
平屋,1
玄関,1
粘着テープ,1
貼る,1
割る,1
音,1
細工,1
一緒に,1
岸辺,1
遊ぶ,1
情報提供,1
結ぶ,1
大阪府寝屋川市,1
萱島駅,1
停車,1
編成,1
区間急行,1
寝屋川市,1
車庫,1
鴨東線,1
中之島線,1
門真市駅,1
西三荘駅,1
取り残す,1
大阪府大阪市中央区,1
通勤,1
通学,1
待つ,1
駅員,1
女子学生,1
恭賀,1
レポート,1
期限,1
行ける,1
先生,1
焦る,1
16歳,1
タクシー,1
歩み板,1
空調,1
とまる,1
きく,1
アナウンス,1
明けて,1
見回る,1
埋まる,1
住宅地,1
道路脇,1
積み上げる,1
水路,1
さらなる,1
明ける,1
自治会,1
役員,1
大量,1
過ごす,1
天,1
祈る,1
ほっと,1
突発,1
小尻,1
自治,1
精いっぱい,1
なんとかなる,1
立て直す,1
忘れる,1
125円,1
2587円,1
Ｔ,1
関連,1
東京市場,1
値上がり,1
見極める,1
グアム島,1
予告,1
北海道真狩村南部,1
函館市,1
詰め,1
ミサイル,1
破壊措置命令,1
継続,1
速やか,1
市ヶ谷,1
敷地,1
石川県かほく市,1
新潟県胎内市,1
鳥取県米子市,1
秋田県由利本荘市,1
そのほか,1
晴れて,1
北海道佐呂間町,1
33度,1
岡山県津山市,1
看護,1
師,1
女,1
横浜市神奈川区,1
大口病院,1
入院患者,1
西川,1
惣藏,1
八巻信雄,1
愛弓,1
身柄,1
検察庁,1
関与,1
ナースステーション,1
保管,1
袋,1
巡回,1
森,1
会談,1
期間中,1
要望,1
重要,1
日常生活,1
開始,1
沿道,1
緑化,1
路面,1
温度,1
抑制,1
両面,1
レディング,1
今月23日,1
面積,1
州,1
延焼,1
観光地,1
ヨセミテ国立公園,1
今月13日,1
地元メディア,1
消防士,1
一連,1
熱,1
乾燥,1
読み上げる,1
長崎市役所,1
核保有国,1
頼る,1
安全保障,1
被爆,1
責任,1
北朝鮮の非核化,1
外交,1
北東アジア,1
非,1
地帯,1
逆流,1
起こる,1
2020年東京オリンピック,1
福島県,1
Ｊ,1
ヴィレッジ,1
進行,1
総合的,1
国内外,1
日本の伝統,1
現代,1
見識,1
適任,1
オリンピックの式典,1
数々,1
独自,1
性,1
デザイン,1
ともす,1
人間国宝,1
野村万作,1
現代劇,1
伝統芸能,1
技法,1
連続テレビ小説,1
あぐり,1
ヒロイン,1
夫役,1
テレ,1
にほんごであそぼ,1
出演,1
言い回し,1
ややこ,1
視野,1
ピョンチャンオリンピック,1
フィギュアスケート,1
羽生結弦,1
フリー,1
プログラム,1
使用,1
安倍晴明,1
2004年,1
アテネオリンピック,1
古代,1
劇場,1
蜷川幸雄,1
ギリシャ,1
悲劇,1
オイディプス王,1
とも,1
ゆかり,1
大役,1
担う,1
大変,1
光栄,1
引き締まる,1
尽力,1
所存,1
美術,1
専門学校,1
卒業後,1
入社,1
2000年,1
デビュー,1
CG,1
高度,1
ビジュアル,1
得意,1
作,1
高度成長期,1
特に,1
シリーズ作品,1
特攻隊,1
永遠,1
アニメーション,1
Ｙ,1
ヒット作,1
63歳,1
白い,1
犬,1
宇宙人,1
つぶやく,1
飲料メーカー,1
喜ばす,1
おもしろい,1
数多い,1
最近,1
東京国際映画祭,1
地方,1
地域おこし,1
キャプテン翼,1
マリオ,1
マンガ,1
ゲーム,1
キャラクター,1
登場,1
斬新,1
練る,1
最新技術,1
菅野薫,1
振付家,1
アニメーション映画,1
君の名は。,1
栗栖,1
良依,1
障害者,1
芸術,1
振り付け,1
都市,1
著名,1
人物,1
1998年,1
長野大会,1
演出家,1
浅利慶太,1
愛,1
2008年,1
北京大会,1
チャン・イーモウ,1
鮮やか,1
色,1
使い,1
古来,1
打楽器,1
武術,1
ショー,1
魅了,1
ロンドン,1
総監督,1
限界,1
内心,1
重視,1
引き立つ,1
相乗効果,1
行える,1
路上,1
成田市消防本部,1
めど,1
立つ,1
カメラ,1
草地,1
そば,1
空港,1
北側,1
2500m,1
端,1
入り口,1
手前,1
三重県津市,1
通信回線,1
愛媛県西予市,1
山間,1
北海道増毛町,1
かつて,1
スピード,1
ユニーク,1
82年前,1
北海道内,1
古い,1
増毛,1
アピール,1
観光協会,1
廊下,1
一直線,1
駆け抜ける,1
組,1
リレー,1
四つんばい,1
小学生,1
社会人,1
余る,1
スライディング,1
秒,1
札幌市,1
小学,1
児童,1
滑る,1
疲れる,1
走れる,1
増毛町,1
30代,1
中学校,1
練習,1
本番,1
疲れ,1
行楽シーズン,1
真っ盛り,1
遠出,1
そんな,1
外出,1
遭遇,1
…,1
凶悪事件,1
止め,1
逃げ場,1
走行中,1
無差別,1
SNS,1
防げる,1
よ,1
ね,1
投稿,1
万一,1
なのか,1
首都圏,1
放送,1
小倉,1
真依,1
科学,1
文化部,1
大崎,1
要一郎,1
凶行,1
現れる,1
あなた,1
報道,1
ネット上,1
てる,1
使い方,1
覚える,1
話題,1
緊急時,1
東京都立川市,1
意外,1
掛け,1
持ち上げる,1
もともと,1
着脱,1
折りたたみ,1
車いす,1
取り外し,1
鈴木,1
幸浩,1
いたずら,1
教室,1
周知,1
大手私鉄,1
型式,1
あくまで,1
！,1
防犯,1
新幹線,1
心構え,1
まず,1
乗降,1
非常口,1
どんな,1
さりげなく,1
払う,1
気,1
まじまじ,1
首,1
辺り,1
ふり,1
うかがう,1
イヤホン,1
聴く,1
とたん,1
アイマスク,1
着ける,1
寝入る,1
気付く,1
できるだけ,1
アドバイス,1
通り魔事件,1
捕まる,1
しばしば,1
体格,1
ケース,1
映る,1
持ち物,1
有馬線,1
暴漢,1
対処法,1
いくつか,1
教える,1
カバン,1
材質,1
硬い,1
革,1
布製,1
単行,1
厚手,1
雑誌,1
貫通,1
スマホ,1
ペットボトル,1
財布,1
小銭,1
食べる,1
弁当,1
一瞬,1
上着,1
コート,1
振りかざす,1
動作,1
ほう,1
距離,1
つくれる,1
棚,1
網棚,1
足元,1
おすすめ,1
知らせる,1
出せる,1
とっさ,1
実は,1
理屈,1
移せる,1
持てる,1
そこで,1
日頃,1
イメージ・トレーニング,1
勧める,1
もし,1
叫ぶ,1
イメージ,1
ふるまう,1
大事,1
四,1
六,1
なんて,1
佐伯,1
岩場,1
切り替え,1
昨今,1
もはや,1
ひと事,1
済ます,1
事態,1
過言,1
危険,1
公共交通機関,1
機会,1
まずは,1
いかが,1
保護,1
預かる,1
付,1
平成27年,1
国立大学,1
京都教育大学,1
事務職,1
学生,1
保護者,1
返却,1
つい,1
遊興,1
迷惑,1
局長級,1
綱紀粛正,1
岡山大会,1
昌平,1
北木,1
隆貴,1
スリーベース,1
詰め寄る,1
大会記録,1
純,1
矢,1
振る,1
抜く,1
つなぐ,1
野球,1
意気込み,1
北大阪,1
犠牲フライ,1
根尾,1
昂,1
石川,1
瑞貴,1
巡,1
猛攻,1
恭大,1
11人,1
13点,1
大阪大会,1
最多得点,1
23点,1
柿木,1
蓮,1
失点,1
完投,1
投手陣,1
打ち込む,1
キャプテン,1
中川,1
卓也,1
チャレンジャー,1
精神,1
粘り強い,1
力強い,1
従う,1
造成,1
洪水,1
総,1
2530億円,1
全長,1
平成20年,1
造る,1
内側,1
調整池,1
淡水,1
水源,1
有明海,1
きり,1
漁業,1
塩害,1
株式市場,1
167円,1
2544円,1
14億,1
ニューヨーク市場,1
先行き,1
材料,1
山口県萩市,1
必要性,1
記者団,1
ロッキード・マーチン,1
本体,1
2680億円,1
契約締結,1
わが国,1
Ballistic Missile Defense,1
飛躍,1
向上,1
段階,1
精査,1
総領事館,1
14人,1
162人,1
当局者,1
順次,1
金融政策,1
修正,1
見方,1
金利,1
日本国債,1
指標,1
10年,1
長引く,1
金融緩和,1
副作用,1
和らげる,1
小幅,1
容認,1
無制限,1
買い入れる,1
指値オペ,1
神経質,1
奈良県平群町,1
佳照,1
畑,1
傷む,1
スプリンクラー,1
まく,1
箱詰め,1
作業場,1
扇風機,1
つけ,1
っぱなし,1
かわいそう,1
たくさん,1
平年並み,1
450万,1
南部,1
豊丘村,1
長野県豊丘村,1
利秋,1
あかつき,1
品種,1
葉,1
すれる,1
拾う,1
早くから,1
追う,1
ひどい,1
育てる,1
日本貿易振興機構,1
激化,1
好調,1
単に,1
要因,1
インターネット,1
通販,1
家電,1
操作,1
赤十字,1
金額,1
寄付金,1
クレジットカード,1
引き落とす,1
amazon.co.jp,1
ジャスパー・チャン,1
社長,1
日赤,1
ノウハウ,1
技術力,1
組み合わせる,1
効果的,1
迅速,1
高橋順一,1
ファンドレイジング,1
勝丸充啓,1
わい小,1
ブランドイメージ,1
損なう,1
進退,1
独裁,1
過酷,1
パワーハラスメント,1
いえる,1
指導,1
形骸,1
欠如,1
再発防止,1
策,1
廃止,1
保障,1
OB,1
視察,1
野田,1
総務大臣,1
秘書,1
新聞社,1
情報公開,1
請求,1
開示,1
協議,1
辻元,1
国会対策委員長,1
申し入れ,1
国立研究開発法人,1
技術開発,1
富士通,1
千葉県柏市,1
東京大学,1
キャンパス,1
測定,1
秒間,1
京,1
世界的,1
Deep learning,1
膨大,1
コンピューター,1
手法,1
主流,1
短時間,1
特,1
ソフトウエア,1
データ処理,1
特徴,1
自動車,1
がん,1
診断,1
技術,1
製品,1
小川宏,1
高,1
長,1
研究者,1
大企業,1
中小企業,1
いただく,1
船体,1
公開,1
一体化,1
まや,1
付ける,1
1680億円,1
造船,1
進水,1
SM,1
ブロック,1
海軍,1
捉える,1
艦艇,1
航空機,1
ローマ数字,1
16人,1
355人,1
689人,1
とどまる,1
資本,1
連携,1
一段と,1
飲食店,1
深める,1
株式,1
9.,1
資本提携,1
会員,1
詰める,1
生かす,1
格安スマホ,1
金融事業,1
自社,1
結びつける,1
戦略,1
コンビニ,1
囲い込み,1
競争,1
発売,1
月刊誌,1
彼ら,1
彼女ら,1
つまり,1
税金,1
投入,1
果たして,1
共産党,1
書記局長,1
無知,1
悪意,1
偏見,1
満ちる,1
文章,1
個人の尊厳,1
中身,1
これだけ,1
いまだに,1
生きる,1
理解,1
社会,1
潮流,1
全区,1
時代遅れ,1
無視,1
豊洲,1
前提,1
東京都江東区,1
本来,1
水銀,1
軽減,1
底,1
換気設備,1
ポンプ,1
指針,1
値,1
地点,1
全体的,1
低下,1
汚染,1
濃度,1
業界団体,1
土壌汚染,1
風評被害,1
対外的,1
発信,1
平田,1
平田健正,1
リスク管理,1
接する,1
生鮮食品,1
スケジュール,1
手続き,1
正式,1
営業日,1
10月10日,1
にかけ,1
事業者,1
トン,1
トラック,1
換算,1
荷物,1
ターレー,1
小型,1
運搬車,1
解体,1
跡地,1
当面,1
輸送,1
拠点,1
柳山津興,1
スレート,1
どく,1
撮影,1
持ち主,1
聞き取り調査,1
公的,1
塞ぐ,1
張り替える,1
ありがたい,1
資産,1
税,1
後藤,1
正樹,1
副主幹,1
取り戻せる,1
三重県松阪市,1
松阪市美濃田町,1
敏太神社,1
早朝,1
生える,1
幹,1
柱,1
有形文化財,1
美濃田,1
大仏,1
20年,1
社殿,1
氏子,1
西田,1
憲人,1
伊勢湾台風,1
こんな,1
安浦町,1
安登,1
多目的,1
広場,1
建設会社,1
くいる,1
囲う,1
図面,1
通り,1
タイプ,1
部屋,1
用意,1
初旬,1
天応,1
三原市,1
沼田西町,1
坂,1
平成ヶ浜,1
建設工事,1
全壊,1
営繕,1
的場,1
弘明,1
落ち着く,1
取り戻す,1
12人,1
行方不明,1
手伝う,1
7つ,1
志和町,1
氾濫,1
床上,1
ぎりぎり,1
けれども,1
大宮,1
幸子,1
主任,1
まだまだ,1
お願い,1
奨,1
反則,1
今月17日,1
関東学生アメリカンフットボール連盟,1
改善,1
役職,1
もしくは,1
解任,1
関東学連,1
永久追放,1
除名処分,1
関東学生連盟,1
出場停止,1
解除,1
結論,1
90キロ,1
170キロ,1
やや,1
種子島,1
反時計回り,1
南海,1
湿る,1
1日,1
遅い,1
しける,1
たどる,1
紀伊半島,1
東側,1
本州,1
横断,1
昭和26年,1
南下,1
進路,1
日本スポーツ振興センター,1
2015年度,1
等分,1
80万円,1
ずつ,1
全日本選手権,1
審判員,1
会議,1
審判,1
主導,1
300人,1
受け取る,1
アスリート,1
スポーツ振興くじ,1
財源,1
当たり年,1
合宿,1
充てる,1
自身,1
甲子園球場,1
出そろう,1
西千葉,1
中央学院,1
三重,1
兵庫,1
明石,1
商業,1
奈良大,1
付属,1
福岡,1
南福岡,1
春夏,1
通じる,1
龍谷大平安,1
最多,1
34回目,1
福島,1
聖光学院,1
12年連続,1
戦後,1
久しぶり,1
東海大熊本星翔,1
35年ぶり,1
春,1
センバツ,1
制す,1
2012年,1
北埼玉,1
花咲徳栄,1
史上,1
連覇,1
挑む,1
組み合わせ抽選,1
井ノ口忠男,1
たった,1
14日,1
呼び出す,1
故意,1
バッシング,1
もちろん,1
一生,1
面倒,1
総力,1
潰し,1
隠蔽,1
工作,1
解明,1
妨害,1
事後,1
看過,1
がたい,1
引き起こす,1
再建,1
影響力,1
排除,1
本人,1
し,1
断定,1
持ち合わせる,1
信用,1
傷つける,1
柏原,1
役場,1
へその緒,1
生後,1
ま,1
固形,1
金属製,1
北京,1
マレーシア航空,1
239人,1
乗せる,1
マレーシア航空370便,1
南シナ海,1
インド洋,1
墜落,1
マレーシア政府,1
海洋,1
探査,1
契約,1
発見,1
無い,1
飛行,1
手動,1
操縦,1
欠陥,1
第三者,1
介入,1
除外,1
結論づける,1
真相究明,1
マレーシア人,1
空,1
212人,1
ぬかるむ,1
痛事,1
ジェットスター,1
発着,1
欠航,1
国内線,1
羽田,1
中部,1
変更,1
ダイヤ,1
乱れる,1
開設,1
9つ,1
今月24日,1
政治,1
林佳龍,1
2000人,1
若い,1
政治団体,1
名称,1
住民投票,1
視,1
を通して,1
普通,1
一蹴,1
どおり,1
取り消す,1
不透明,1
金融,1
減少,1
インターネットバンキング,1
東京都あきる野市,1
出張所,1
毎週,1
水曜日,1
大手銀行,1
珍しい,1
埼玉りそな銀行,1
土日,1
祝日,1
年末年始,1
限る,1
支障,1
当座預金,1
支店,1
移す,1
改正,1
夏休み,1
本土復帰,1
昭和37年,1
本土,1
加わる,1
首相官邸,1
昭和,1
時代,1
天皇,1
皇后,1
陛下,1
静養,1
受け継ぐ,1
東宮御所,1
60人,1
さま,1
よく,1
雅子さま,1
どこ,1
気さく,1
言葉,1
沖縄県読谷村,1
中学,1
仲松,1
和華,1
一人一人,1
優しい,1
表情,1
尋ねる,1
くだ,1
さる,1
過ごせる,1
2100億円,1
とりまとめる,1
まとめ,1
先月28日,1
8000万円,1
ため池,1
決壊,1
用,1
次いで,1
樹木,1
林道,1
林野,1
9000万円,1
ぶどう,1
みかん。,1
木,1
全容,1
地球温暖化対策,1
コスト,1
排出量取引,1
炭素税,1
NGO,1
立場,1
初会合,1
温暖化対策,1
温室効果ガス,1
2050年,1
達成,1
委員,1
ものづくり,1
立国,1
費用対効果,1
福岡大学,1
浅野,1
直人,1
名誉教授,1
どういう,1
